bibItem,creatorstatement,listpos,fullName,fullName_recon_Wikidata,Wikidata_Qid,givenName,lastName,creatoritem
https://monumenta.wikibase.cloud/entity/Q417,https://monumenta.wikibase.cloud/entity/statement/Q417-30D99EF8-7E36-42FC-A006-91AEE5081D4D,1,J. Augustin Chaho,J. Augustin Chaho,,J. Augustin,Chaho,t10208
https://monumenta.wikibase.cloud/entity/Q418,https://monumenta.wikibase.cloud/entity/statement/Q418-9860D382-1019-48B9-A02A-95BEE46ED665,1,Blanca Urgell,Blanca Urgell,Q8248653,Blanca,Urgell,t10225
https://monumenta.wikibase.cloud/entity/Q419,https://monumenta.wikibase.cloud/entity/statement/Q419-2C904860-953B-47A5-8757-9E7A14013BEE,1,José Ignacio Hualde,José Ignacio Hualde,Q6292505,José Ignacio,Hualde,t10313
https://monumenta.wikibase.cloud/entity/Q420,https://monumenta.wikibase.cloud/entity/statement/Q420-49A43E41-3C73-4C85-85CF-29BB691DCBA6,2,Léon-Martin Cluzeau,Léon-Martin Cluzeau,,Léon-Martin,Cluzeau,t10216
https://monumenta.wikibase.cloud/entity/Q420,https://monumenta.wikibase.cloud/entity/statement/Q420-7FBF52BB-1E2F-4608-896F-54F9FC6D07F3,1,Fleury de Lécluse,Fleury de Lécluse,Q21544603,Fleury de,Lécluse,t10195
https://monumenta.wikibase.cloud/entity/Q421,https://monumenta.wikibase.cloud/entity/statement/Q421-12201EE2-3823-401A-B836-F16702B0FAA6,5,Iñaki San Vicente,Iñaki San Vicente Roncal.,Q113578669,Iñaki,San Vicente,t10238
https://monumenta.wikibase.cloud/entity/Q421,https://monumenta.wikibase.cloud/entity/statement/Q421-3208DE8E-5D2F-4E96-85AA-5357915D88D9,4,Xabier Saralegi,Xabier Saralegi,Q105668997,Xabier,Saralegi,t10304
https://monumenta.wikibase.cloud/entity/Q421,https://monumenta.wikibase.cloud/entity/statement/Q421-56DC162D-4111-4465-9D6F-15A54FB273C6,2,Igor Leturia,Igor Leturia,Q57083734,Igor,Leturia,t10266
https://monumenta.wikibase.cloud/entity/Q421,https://monumenta.wikibase.cloud/entity/statement/Q421-C4162F8A-A453-4BAB-9511-E52781D69CD3,3,Eli Pociello,Eli Pociello,Q105669149,Eli,Pociello,t10312
https://monumenta.wikibase.cloud/entity/Q421,https://monumenta.wikibase.cloud/entity/statement/Q421-CF9B4582-F207-469A-9EA0-C87C7796C2BF,1,Antton Gurrutxaga,Antton Gurrutxaga,Q65659267,Antton,Gurrutxaga,t10198
https://monumenta.wikibase.cloud/entity/Q422,https://monumenta.wikibase.cloud/entity/statement/Q422-3D16A3C3-87F0-4302-B4FE-D446A815E7D4,2,César Gallastegi,César Gallastegi,,César,Gallastegi,t10227
https://monumenta.wikibase.cloud/entity/Q422,https://monumenta.wikibase.cloud/entity/statement/Q422-9CEF9267-0F1B-470D-B47D-B9BBC24C104C,1,Andrés Urrutia,Andres Urrutia,Q2846535,Andrés,Urrutia,t10280
https://monumenta.wikibase.cloud/entity/Q424,https://monumenta.wikibase.cloud/entity/statement/Q424-EE150AE5-BA72-4951-B3C0-0A4730AEF632,1,José Mari Arriola Egurrola,Jose Mari Arriola Egurrola,Q107903609,José Mari,Arriola Egurrola,t10232
https://monumenta.wikibase.cloud/entity/Q425,https://monumenta.wikibase.cloud/entity/statement/Q425-073A627E-DA4D-45B4-B37A-D0B3F11EE4A8,5,Nerea Ezeiza,Nerea Ezeiza,Q113578318,Nerea,Ezeiza,t10218
https://monumenta.wikibase.cloud/entity/Q425,https://monumenta.wikibase.cloud/entity/statement/Q425-6E3D6FFE-0D29-4BD8-88E0-33EA04C7EBB6,4,Xabier Artola,Xabier Artola Zubillaga,Q12269005,Xabier,Artola,t10289
https://monumenta.wikibase.cloud/entity/Q425,https://monumenta.wikibase.cloud/entity/statement/Q425-76C52053-7449-4B40-AF3A-317DE2560CEA,2,Izaskun Aldezabal,Izaskun Aldezabal Roteta,Q105669199,Izaskun,Aldezabal,t10226
https://monumenta.wikibase.cloud/entity/Q425,https://monumenta.wikibase.cloud/entity/statement/Q425-8409C9EB-0079-4EFB-AA44-6D1FFC319C73,3,Iñaki Alegria,Iñaki Alegria,Q16517758,Iñaki,Alegria,t10265
https://monumenta.wikibase.cloud/entity/Q425,https://monumenta.wikibase.cloud/entity/statement/Q425-86D3B30A-5E48-46CA-B146-1A305BEC2D3C,1,Itziar Aduriz,Itziar Aduriz,Q102040060,Itziar,Aduriz,t10264
https://monumenta.wikibase.cloud/entity/Q425,https://monumenta.wikibase.cloud/entity/statement/Q425-FAB48E8A-A60D-402A-A426-9A6D6275F888,6,Ruben Urizar,Ruben Urizar Enbeita,Q107851251,Ruben,Urizar,t10213
https://monumenta.wikibase.cloud/entity/Q426,https://monumenta.wikibase.cloud/entity/statement/Q426-E80A8A02-3336-4310-A344-C7CBD3E5D3A7,1,Julen Arriolabengoa,Julen Arriolabengoa,Q12261106,Julen,Arriolabengoa,t10247
https://monumenta.wikibase.cloud/entity/Q427,https://monumenta.wikibase.cloud/entity/statement/Q427-B0A16662-89B2-4CCF-9126-44120B89D766,1,Jesús Arzamendi Sáez de Ibarra,Jesús Arzamendi Sáez de Ibarra,,Jesús,Arzamendi Sáez de Ibarra,t10309
https://monumenta.wikibase.cloud/entity/Q428,https://monumenta.wikibase.cloud/entity/statement/Q428-38F445C2-8351-42C4-BD10-7455965782A0,1,Joseba Andoni Lakarra,Joseba Lakarra,Q941098,Joseba Andoni,Lakarra,t10308
https://monumenta.wikibase.cloud/entity/Q430,https://monumenta.wikibase.cloud/entity/statement/Q430-B490F171-A694-459F-80C3-FB338A9331B7,1,Julien Vinson,Julien Vinson,Q3189701,Julien,Vinson,t10248
https://monumenta.wikibase.cloud/entity/Q431,https://monumenta.wikibase.cloud/entity/statement/Q431-282E4A12-29B4-4607-8504-E56D05AB2797,3,Sahats Ugartetxea,Sahats Ugartetxea,,Sahats,Ugartetxea,t10224
https://monumenta.wikibase.cloud/entity/Q431,https://monumenta.wikibase.cloud/entity/statement/Q431-2D0CFFD1-B788-4E38-B826-163DFEA14575,2,Xabier Saralegi,Xabier Saralegi,Q105668997,Xabier,Saralegi,t10281
https://monumenta.wikibase.cloud/entity/Q431,https://monumenta.wikibase.cloud/entity/statement/Q431-2F41CFD1-7DC4-4F4E-BD46-B3E9D1426161,4,Iñaki Alegria,Iñaki Alegria,Q16517758,Iñaki,Alegria,t10229
https://monumenta.wikibase.cloud/entity/Q431,https://monumenta.wikibase.cloud/entity/statement/Q431-B8F522EA-F31E-4A2E-BCDA-C224BE89400B,1,Antton Gurrutxaga,Antton Gurrutxaga,Q65659267,Antton,Gurrutxaga,t10217
https://monumenta.wikibase.cloud/entity/Q433,https://monumenta.wikibase.cloud/entity/statement/Q433-35D45379-E1AE-4372-9FF2-C51CF63A171F,1,Resurrección María Azkue,Resurrección María de Azkue,Q3109903,Resurrección María,Azkue,t10291
https://monumenta.wikibase.cloud/entity/Q434,https://monumenta.wikibase.cloud/entity/statement/Q434-8E11CD13-9A8E-4562-8255-5B1C4E2B1D86,1,P. Lafitte,P. Lafitte,,P.,Lafitte,t10889
https://monumenta.wikibase.cloud/entity/Q435,https://monumenta.wikibase.cloud/entity/statement/Q435-B382B223-C96F-4991-B84B-767E6C9E52FC,1,José Manterola,José Manterola,Q6292958,José,Manterola,t10907
https://monumenta.wikibase.cloud/entity/Q436,https://monumenta.wikibase.cloud/entity/statement/Q436-1C45A626-8DB0-425A-9425-44BFD1D799DF,1,María Águeda Moreno Moreno,María Águeda Moreno Moreno,,María Águeda,Moreno Moreno,t10902
https://monumenta.wikibase.cloud/entity/Q437,https://monumenta.wikibase.cloud/entity/statement/Q437-BB8D77BF-E955-48C2-9929-7C4CEDAB97B9,1,Luis Michelena Elissalt,Koldo Mitxelena,Q2457804,Luis,Michelena Elissalt,t10931
https://monumenta.wikibase.cloud/entity/Q438,https://monumenta.wikibase.cloud/entity/statement/Q438-3643F054-BFA0-49BB-ABBA-2C9B938DC8CF,1,David Lindemann,David Lindemann,Q57694630,David,Lindemann,t10930
https://monumenta.wikibase.cloud/entity/Q439,https://monumenta.wikibase.cloud/entity/statement/Q439-42923239-A617-4EA8-9D22-0295FFEB97EA,1,Ibon Sarasola,Ibon Sarasola,Q2876484,Ibon,Sarasola,t10921
https://monumenta.wikibase.cloud/entity/Q440,https://monumenta.wikibase.cloud/entity/statement/Q440-26ADEEDA-1FC0-4527-95BF-C2D30C6D95F4,2,David Lindemann,David Lindemann,Q57694630,David,Lindemann,t10882
https://monumenta.wikibase.cloud/entity/Q440,https://monumenta.wikibase.cloud/entity/statement/Q440-73F62C36-9BBB-438E-A57F-CC59064D2718,1,Miren Azkarate,Miren Azkarate Villar,Q3316026,Miren,Azkarate,t10898
https://monumenta.wikibase.cloud/entity/Q441,https://monumenta.wikibase.cloud/entity/statement/Q441-3283AE23-9056-4CB4-A7A7-5F7CA9C5B416,1,Miren Azkarate,Miren Azkarate Villar,Q3316026,Miren,Azkarate,t10939
https://monumenta.wikibase.cloud/entity/Q442,https://monumenta.wikibase.cloud/entity/statement/Q442-37164C71-CE3F-4F51-B70F-7050BC69421B,1,Patxi Altuna,Patxi Altuna,Q3370189,Patxi,Altuna,t10896
https://monumenta.wikibase.cloud/entity/Q443,https://monumenta.wikibase.cloud/entity/statement/Q443-86F53A10-E038-4D28-AD49-25B1CD942806,1,Josu Zulaika Hernández,Josu M. Zulaika,Q112474037,Josu,Zulaika Hernández,t10884
https://monumenta.wikibase.cloud/entity/Q444,https://monumenta.wikibase.cloud/entity/statement/Q444-41D770FD-8BAC-47CC-98C0-04C3987DE871,1,Adolfo Arejita,Adolfo Arejita,Q2824714,Adolfo,Arejita,t10914
https://monumenta.wikibase.cloud/entity/Q445,https://monumenta.wikibase.cloud/entity/statement/Q445-5B0A5B4B-F1EB-44CB-8DC7-FA9D40343A94,1,David Lindemann,David Lindemann,Q57694630,David,Lindemann,t10927
https://monumenta.wikibase.cloud/entity/Q445,https://monumenta.wikibase.cloud/entity/statement/Q445-7B32532B-3D48-4BB0-AB68-FC3BCC43553A,5,Xabier Saralegi,Xabier Saralegi,Q105668997,Xabier,Saralegi,t10925
https://monumenta.wikibase.cloud/entity/Q445,https://monumenta.wikibase.cloud/entity/statement/Q445-89BE1A09-32C7-4062-ADA2-8283F38F2BA7,2,Iker Manterola,Iker Manterola,,Iker,Manterola,t10915
https://monumenta.wikibase.cloud/entity/Q445,https://monumenta.wikibase.cloud/entity/statement/Q445-A3EC8E6D-66A7-462E-827C-C3D931117A1D,3,Rogelio Nazar,Rogelio Nazar,,Rogelio,Nazar,t10918
https://monumenta.wikibase.cloud/entity/Q445,https://monumenta.wikibase.cloud/entity/statement/Q445-DE320865-2FDF-4CA4-96CA-6AF007379082,4,Iñaki San Vicente,Iñaki San Vicente Roncal.,Q113578669,Iñaki,San Vicente,t10909
https://monumenta.wikibase.cloud/entity/Q446,https://monumenta.wikibase.cloud/entity/statement/Q446-B7A1ACFB-3002-4C08-B1FF-47B1264B0EC9,2,Iñaki San Vicente,Iñaki San Vicente Roncal.,Q113578669,Iñaki,San Vicente,t10881
https://monumenta.wikibase.cloud/entity/Q446,https://monumenta.wikibase.cloud/entity/statement/Q446-CF540E81-5823-4F8C-A636-C2AED585886F,1,David Lindemann,David Lindemann,Q57694630,David,Lindemann,t10886
https://monumenta.wikibase.cloud/entity/Q447,https://monumenta.wikibase.cloud/entity/statement/Q447-3ED72CCD-FB85-4D6E-9525-77DAB6814B92,1,Miren Azkarate,Miren Azkarate Villar,Q3316026,Miren,Azkarate,t10917
https://monumenta.wikibase.cloud/entity/Q448,https://monumenta.wikibase.cloud/entity/statement/Q448-AD771C9C-2187-4461-830E-DF1D90696221,1,Henri Gavel,Henri Gavel,Q220186,Henri,Gavel,t10883
https://monumenta.wikibase.cloud/entity/Q449,https://monumenta.wikibase.cloud/entity/statement/Q449-D3DA702E-3E92-44B4-A18A-A1A8E79FD3B8,1,Lino de Aquesolo,Lino de Aquesolo,,Lino de,Aquesolo,t10943
https://monumenta.wikibase.cloud/entity/Q450,https://monumenta.wikibase.cloud/entity/statement/Q450-6E9C706E-07DA-4E37-8DEB-DF22A3AF9D0A,1,Henri Gavel,Henri Gavel,Q220186,Henri,Gavel,t11023
https://monumenta.wikibase.cloud/entity/Q451,https://monumenta.wikibase.cloud/entity/statement/Q451-62371CDB-5314-4400-B99A-958BD6F7DE38,1,Henri Gavel,Henri Gavel,Q220186,Henri,Gavel,t11029
https://monumenta.wikibase.cloud/entity/Q452,https://monumenta.wikibase.cloud/entity/statement/Q452-022C67FA-EF9D-4227-A812-E42751A7BDE9,1,Miren Azkarate,Miren Azkarate Villar,Q3316026,Miren,Azkarate,t11025
https://monumenta.wikibase.cloud/entity/Q452,https://monumenta.wikibase.cloud/entity/statement/Q452-7E901C62-8F73-41DF-B327-18B8534BB89A,2,Lluïsa Gràcia,Lluïsa Gràcia i Solé,Q93387367,Lluïsa,Gràcia,t11026
https://monumenta.wikibase.cloud/entity/Q213,https://monumenta.wikibase.cloud/entity/statement/Q213-18A538A8-B7B9-437E-8ECC-15DD4AA74F80,1,Silvain Pouvreau,Silvain Pouvreau,Q12267411,Silvain,Pouvreau,t3798
https://monumenta.wikibase.cloud/entity/Q220,https://monumenta.wikibase.cloud/entity/statement/Q220-99921B2E-0AD6-4296-A9AF-2558FAFE55C2,1,Voltoire,Voltoire,Q12268917,,,t3281
https://monumenta.wikibase.cloud/entity/Q221,https://monumenta.wikibase.cloud/entity/statement/Q221-89F2B6D8-C089-4521-AA97-2C62FB4F709A,1,Voltoire,Voltoire,Q12268917,,,t3282
https://monumenta.wikibase.cloud/entity/Q222,https://monumenta.wikibase.cloud/entity/statement/Q222-40C3B770-B8DA-4D61-B78B-00CDCD2B1199,1,R. L. Trask,Larry Trask,Q2499834,R. L.,Trask,t3766
https://monumenta.wikibase.cloud/entity/Q222,https://monumenta.wikibase.cloud/entity/statement/Q222-B3EDC00B-03F3-465E-9685-D270F6B44A7B,2,Richard Coates,Richard Coates,Q7324807,Richard,Coates,t3808
https://monumenta.wikibase.cloud/entity/Q223,https://monumenta.wikibase.cloud/entity/statement/Q223-AC1AA686-3699-4309-B099-F58CFE956025,1,Arnauld d' Oihenart,Arnauld de Oihenart,Q2863280,Arnauld d',Oihenart,t3810
https://monumenta.wikibase.cloud/entity/Q224,https://monumenta.wikibase.cloud/entity/statement/Q224-5DCB754A-7F05-4E61-BFBE-AA3AD99A9F63,1,Arnauld Oihenart,Arnauld de Oihenart,Q2863280,Arnauld,Oihenart,t3267
https://monumenta.wikibase.cloud/entity/Q226,https://monumenta.wikibase.cloud/entity/statement/Q226-583E8430-EA0F-4191-ACCF-6549ACF2B26D,1,Arnauld Oihenart,Arnauld de Oihenart,Q2863280,Arnauld,Oihenart,t3288
https://monumenta.wikibase.cloud/entity/Q227,https://monumenta.wikibase.cloud/entity/statement/Q227-345B6446-2EE1-4131-B0F6-54F39068054E,1,Arnauld Oihenart,Arnauld de Oihenart,Q2863280,Arnauld,Oihenart,t3776
https://monumenta.wikibase.cloud/entity/Q228,https://monumenta.wikibase.cloud/entity/statement/Q228-58DF7F57-95B7-4F3A-A605-8B1077061874,1,Rafael Micoleta,Rafael de Micoleta,Q9065940,Rafael,Micoleta,t3760
https://monumenta.wikibase.cloud/entity/Q230,https://monumenta.wikibase.cloud/entity/statement/Q230-698081B2-535A-4EBC-B515-17C28CC1E863,1,Andrés Eliseo Mañaricua,Andres Eliseo Mañarikua,Q12253516,Andrés Eliseo,Mañaricua,t3271
https://monumenta.wikibase.cloud/entity/Q231,https://monumenta.wikibase.cloud/entity/statement/Q231-B505A274-32C9-420A-96EF-06F0528CBC8F,1,Manuel de Larramendi,Manuel de Larramendi,Q4890298,Manuel de,Larramendi,t3781
https://monumenta.wikibase.cloud/entity/Q233,https://monumenta.wikibase.cloud/entity/statement/Q233-C7A04A3F-708D-460C-99EE-0F34660228B5,1,Martin de Harriet,Martin de Harriet,,Martin de,Harriet,t4217
https://monumenta.wikibase.cloud/entity/Q234,https://monumenta.wikibase.cloud/entity/statement/Q234-B0E62626-31BB-4690-9135-31EC8130CEB9,1,Rafael de Micoleta,Rafael de Micoleta,Q9065940,Rafael de,Micoleta,t3806
https://monumenta.wikibase.cloud/entity/Q235,https://monumenta.wikibase.cloud/entity/statement/Q235-26220750-D9F4-4516-B8AE-448CC71E3F03,1,Elena Martinez de Madina Salazar,Elena Martínez de Madina Salazar,Q58096983,Elena,Martinez de Madina Salazar,t3785
https://monumenta.wikibase.cloud/entity/Q236,https://monumenta.wikibase.cloud/entity/statement/Q236-B13D8982-C821-4877-8B7D-732B5BBFEA91,1,"Larramendi, Manuel",Manuel de Larramendi,Q4890298,,,t3789
https://monumenta.wikibase.cloud/entity/Q237,https://monumenta.wikibase.cloud/entity/statement/Q237-7D337810-5862-4339-8B55-D33C2CEEEAF0,1,Ibargüen-Cachopin,Ibargüen-Cachopin,,,,t3778
https://monumenta.wikibase.cloud/entity/Q238,https://monumenta.wikibase.cloud/entity/statement/Q238-1C8BDE3B-4FCF-49C6-8D60-F3BFB5FAA0CB,1,Justo Gárate Arriola,Justo Gárate,Q11929503,Justo,Gárate Arriola,t3770
https://monumenta.wikibase.cloud/entity/Q239,https://monumenta.wikibase.cloud/entity/statement/Q239-D77F734D-6F9D-4243-960D-67811CE58FEA,1,Nicolaas Gerardus Hendricus Deen,Nicolaas Gerardus Hendricus Deen,Q5702708,Nicolaas Gerardus Hendricus,Deen,t3775
https://monumenta.wikibase.cloud/entity/Q240,https://monumenta.wikibase.cloud/entity/statement/Q240-EFC6E95B-137C-47B1-A301-9E1B949C25FA,1,Pierre d'Urte,Pierre d'Urte,,Pierre,d'Urte,t3786
https://monumenta.wikibase.cloud/entity/Q241,https://monumenta.wikibase.cloud/entity/statement/Q241-FF5C90FF-17D4-4A50-80F4-59DC66A01FD4,1,Jose Maria Aizpitarte,Jose Maria Aizpitarte,,Jose Maria,Aizpitarte,t4224
https://monumenta.wikibase.cloud/entity/Q243,https://monumenta.wikibase.cloud/entity/statement/Q243-22095D05-AE6D-4883-AABD-F06B7B5092EB,1,Angel Zelaieta,Angel Zelaieta,,Angel,Zelaieta,t3767
https://monumenta.wikibase.cloud/entity/Q244,https://monumenta.wikibase.cloud/entity/statement/Q244-79CE7237-938F-4803-8DDD-1F4A0F2EFF96,1,Voltoire,Voltoire,Q12268917,,,t3793
https://monumenta.wikibase.cloud/entity/Q245,https://monumenta.wikibase.cloud/entity/statement/Q245-D7DF4063-D703-4F41-AA43-0B181EBECA09,1,Voltoire,Voltoire,Q12268917,,,t3963
https://monumenta.wikibase.cloud/entity/Q246,https://monumenta.wikibase.cloud/entity/statement/Q246-33FEF594-75EB-4A1E-85C8-583FE552D16F,1,Voltoire,Voltoire,Q12268917,,,t3970
https://monumenta.wikibase.cloud/entity/Q247,https://monumenta.wikibase.cloud/entity/statement/Q247-5EDDCED3-6568-44C7-83BA-9A434BD1219F,1,Pierre Urte,Pierre Urte,Q12265967,Pierre,Urte,t3964
https://monumenta.wikibase.cloud/entity/Q248,https://monumenta.wikibase.cloud/entity/statement/Q248-9BAC4845-FE4C-4FC8-A0EE-24767B699EE9,1,Pierre Urte,Pierre Urte,Q12265967,Pierre,Urte,t3962
https://monumenta.wikibase.cloud/entity/Q249,https://monumenta.wikibase.cloud/entity/statement/Q249-EDC20CC8-9548-457C-B893-4D21EB325799,1,Patrizio Urkizu,Patrizio Urkizu,,Patrizio,Urkizu,t3965
https://monumenta.wikibase.cloud/entity/Q250,https://monumenta.wikibase.cloud/entity/statement/Q250-FE4C2173-5931-408B-9FFD-29AE9251A9FD,1,Arnauld Oihénart,Arnauld de Oihenart,Q2863280,Arnauld,Oihénart,t4028
https://monumenta.wikibase.cloud/entity/Q251,https://monumenta.wikibase.cloud/entity/statement/Q251-F55553FD-5CF1-4E42-B5B2-C4E90B57E0BD,1,Manuel de Larramendi,Manuel de Larramendi,Q4890298,Manuel de,Larramendi,t4031
https://monumenta.wikibase.cloud/entity/Q252,https://monumenta.wikibase.cloud/entity/statement/Q252-02810235-F0E8-427E-80FA-BAAC76FA41D2,1,Nicholaus Landuchius,Nicholaus Landuchius,,Nicholaus,Landuchius,t4209
https://monumenta.wikibase.cloud/entity/Q253,https://monumenta.wikibase.cloud/entity/statement/Q253-941C73D5-A044-4E0E-806B-FEC4E8565FF1,1,Nicola Landucci,Nicola Landucci,,Nicola,Landucci,t4194
https://monumenta.wikibase.cloud/entity/Q254,https://monumenta.wikibase.cloud/entity/statement/Q254-ED0FFE78-5ECF-423D-8886-AB085CB9A557,1,Nicola Landucci,Nicola Landucci,,Nicola,Landucci,t4211
https://monumenta.wikibase.cloud/entity/Q255,https://monumenta.wikibase.cloud/entity/statement/Q255-3A571E7C-2539-4C39-84E4-34EE00A0E52E,1,Joseba Andoni Lakarra,Joseba Lakarra,Q941098,Joseba Andoni,Lakarra,t4201
https://monumenta.wikibase.cloud/entity/Q256,https://monumenta.wikibase.cloud/entity/statement/Q256-16DA36F3-BAE1-4FB8-A068-4A97FE7D2F6D,1,Joseba Andoni Lakarra,Joseba Lakarra,Q941098,Joseba Andoni,Lakarra,t4192
https://monumenta.wikibase.cloud/entity/Q258,https://monumenta.wikibase.cloud/entity/statement/Q258-3A7F66BE-6101-4D2B-B623-7D241A16D5BC,1,Nicolaas G. H. Deen,Nicolaas G. H. Deen,,Nicolaas G. H.,Deen,t4256
https://monumenta.wikibase.cloud/entity/Q259,https://monumenta.wikibase.cloud/entity/statement/Q259-BF51015D-16F0-4738-B257-1008FE628796,1,Arnold von Harff,Arnold von Harff,Q645951,Arnold,von Harff,t4288
https://monumenta.wikibase.cloud/entity/Q260,https://monumenta.wikibase.cloud/entity/statement/Q260-7D04FFFA-8178-445E-B425-DAC20C2A011F,1,Pedro Antonio Añibarro,Pedro Añibarro,Q4890107,Pedro Antonio,Añibarro,t4502
https://monumenta.wikibase.cloud/entity/Q261,https://monumenta.wikibase.cloud/entity/statement/Q261-FA5EC2D4-57CB-4BCC-8228-BEC3437F1210,1,Juan Ignazio Iztueta,Juan Ignacio de Iztueta,Q9015632,Juan Ignazio,Iztueta,t4499
https://monumenta.wikibase.cloud/entity/Q262,https://monumenta.wikibase.cloud/entity/statement/Q262-7C2ADDC3-03E8-4144-A68D-3A59021D023C,1,Fleury de Lécluse,Fleury de Lécluse,Q21544603,Fleury de,Lécluse,t4506
https://monumenta.wikibase.cloud/entity/Q267,https://monumenta.wikibase.cloud/entity/statement/Q267-EF20D378-FDF6-462C-BAD4-B2E2BF1FD8E3,1,Luis Luciano Bonaparte,Louis Lucien Bonaparte,Q523352,Luis Luciano,Bonaparte,t4501
https://monumenta.wikibase.cloud/entity/Q270,https://monumenta.wikibase.cloud/entity/statement/Q270-24016B55-0639-418B-A005-2046BE7159DD,1,Jose Mari Etxebarria,Jose Mari Etxebarria Lejarraga,Q12260677,Jose Mari,Etxebarria,t5007
https://monumenta.wikibase.cloud/entity/Q271,https://monumenta.wikibase.cloud/entity/statement/Q271-4EF23CDE-775E-446D-9453-E042802FDFCD,1,Joseph de Jesús María Araquistáin,Joseph de Jesús María Araquistáin,,Joseph de Jesús María,Araquistáin,t5029
https://monumenta.wikibase.cloud/entity/Q272,https://monumenta.wikibase.cloud/entity/statement/Q272-D832B6D0-8A24-401D-8300-F8ECD49247BE,1,Eleuterio Basozabal,Eleuterio Basozabal,,Eleuterio,Basozabal,t5033
https://monumenta.wikibase.cloud/entity/Q273,https://monumenta.wikibase.cloud/entity/statement/Q273-E0B65FCA-8760-4903-95F3-0BAD225C4103,1,J. A. Zabala,J. A. Zabala,,J. A.,Zabala,t5034
https://monumenta.wikibase.cloud/entity/Q274,https://monumenta.wikibase.cloud/entity/statement/Q274-58987141-C742-441A-95A4-1B553762DF03,1,Juan Antonio Moguel,Juan Antonio Mogel,Q3321878,Juan Antonio,Moguel,t5021
https://monumenta.wikibase.cloud/entity/Q275,https://monumenta.wikibase.cloud/entity/statement/Q275-7101843A-7CD0-4BB2-87DC-D7B13B27B0E3,1,André Tournier,André Tournier,,André,Tournier,t5003
https://monumenta.wikibase.cloud/entity/Q275,https://monumenta.wikibase.cloud/entity/statement/Q275-CBA99CC3-5D27-4FD1-BD93-45CD254BC9F3,2,Pierre Lafitte,Pierre Lafitte Ithurralde,Q3138345,Pierre,Lafitte,t5013
https://monumenta.wikibase.cloud/entity/Q276,https://monumenta.wikibase.cloud/entity/statement/Q276-11BFD12A-1EC1-4FE8-842E-C15A6FADAD60,1,Joseba Andoni Lakarra Andrinua,Joseba Lakarra,Q941098,Joseba Andoni,Lakarra Andrinua,t5027
https://monumenta.wikibase.cloud/entity/Q276,https://monumenta.wikibase.cloud/entity/statement/Q276-64F29A16-A9F7-4009-BB81-23ED7959480D,2,Blanca Urgell Lázaro,Blanca Urgell,Q8248653,Blanca,Urgell Lázaro,t5005
https://monumenta.wikibase.cloud/entity/Q278,https://monumenta.wikibase.cloud/entity/statement/Q278-6671737C-4A76-4B52-9433-7FED875C3922,1,Peter Simon Pallas,Peter Simon Pallas,Q155914,Peter Simon,Pallas,t5038
https://monumenta.wikibase.cloud/entity/Q279,https://monumenta.wikibase.cloud/entity/statement/Q279-6FBAD36C-195D-489E-A798-1BD6D5AD3EAC,1,Toribio Etxebarria Ibarbia,Toribio Echevarría,Q3078967,Toribio,Etxebarria Ibarbia,t5018
https://monumenta.wikibase.cloud/entity/Q280,https://monumenta.wikibase.cloud/entity/statement/Q280-255EE043-7EBB-4381-99C7-054F872767E1,1,Manuel Larramendi,Manuel de Larramendi,Q4890298,Manuel,Larramendi,t5010
https://monumenta.wikibase.cloud/entity/Q281,https://monumenta.wikibase.cloud/entity/statement/Q281-2EE0675F-6019-46BB-BA7B-AB410C4BBF39,1,Txomin Iakakortexarena,Txomin Iakakortexarena,,Txomin,Iakakortexarena,t5022
https://monumenta.wikibase.cloud/entity/Q282,https://monumenta.wikibase.cloud/entity/statement/Q282-88BD69AA-6CC0-4E37-897B-82265748BA2B,1,Juan Oñatibia,Juan Oñatibia,Q56000318,Juan,Oñatibia,t5024
https://monumenta.wikibase.cloud/entity/Q283,https://monumenta.wikibase.cloud/entity/statement/Q283-147BE795-2B68-4D4E-BCA9-376AB6DF0EF4,1,Pablo Pedro Astarloa,Pablo Pedro Astarloa,,Pablo Pedro,Astarloa,t5031
https://monumenta.wikibase.cloud/entity/Q284,https://monumenta.wikibase.cloud/entity/statement/Q284-405CE461-8487-43D2-9BBB-E81AEAC2B9C8,1,Martin Itziar ta Agirre,Martin Itziar ta Agirre,,Martin,Itziar ta Agirre,t5011
https://monumenta.wikibase.cloud/entity/Q285,https://monumenta.wikibase.cloud/entity/statement/Q285-1F746195-3ADE-4D6A-ADD0-9B01D0C66A3A,1,Erroman Bera,Erroman Bera,,Erroman,Bera,t5307
https://monumenta.wikibase.cloud/entity/Q286,https://monumenta.wikibase.cloud/entity/statement/Q286-C3ABBEF5-5B58-4C41-B489-DD7ADA08B093,1,Jon Gotzon Etxebarria,Jon Gotzon Etxebarria,,Jon Gotzon,Etxebarria,t5316
https://monumenta.wikibase.cloud/entity/Q287,https://monumenta.wikibase.cloud/entity/statement/Q287-BBABABB3-5947-47B4-B6E8-6C9F26C85060,1,Martin Löpelmann,Martin Löpelmann,Q1904506,Martin,Löpelmann,t5305
https://monumenta.wikibase.cloud/entity/Q288,https://monumenta.wikibase.cloud/entity/statement/Q288-75FDAA19-23DD-4A05-80C1-0D2D08C1D2C2,1,Manuel Agud Querol,Manuel Agud,Q11690530,Manuel,Agud Querol,t5306
https://monumenta.wikibase.cloud/entity/Q289,https://monumenta.wikibase.cloud/entity/statement/Q289-4CCC7E70-BC03-4B8B-AADE-D1B096A3D0E4,1,Fenaille Mispiratzeguy,Fenaille Mispiratzeguy,,Fenaille,Mispiratzeguy,t5309
https://monumenta.wikibase.cloud/entity/Q290,https://monumenta.wikibase.cloud/entity/statement/Q290-A49C8076-E76C-4716-9FCE-9520D50B77BB,1,Candido Izagirre,Candido Izagirre,,Candido,Izagirre,t5310
https://monumenta.wikibase.cloud/entity/Q291,https://monumenta.wikibase.cloud/entity/statement/Q291-721C432E-8A32-4365-A645-64C4BAD88A28,1,Louise-Marie-Hyacinthe Fabre,Louise-Marie-Hyacinthe Fabre,,Louise-Marie-Hyacinthe,Fabre,t5317
https://monumenta.wikibase.cloud/entity/Q292,https://monumenta.wikibase.cloud/entity/statement/Q292-4925E6C6-817C-4956-9A69-1BDA2EB8322C,1,J. Augustin Chaho,J. Augustin Chaho,,J. Augustin,Chaho,t5313
https://monumenta.wikibase.cloud/entity/Q293,https://monumenta.wikibase.cloud/entity/statement/Q293-0B46E887-CEC8-401A-9889-034D950BEBDD,1,Jean-Baptiste Bullet,Jean Baptiste Bullet,Q3170529,Jean-Baptiste,Bullet,t5593
https://monumenta.wikibase.cloud/entity/Q294,https://monumenta.wikibase.cloud/entity/statement/Q294-F303ABC5-D72D-4F3D-9BE9-EF183299AF5B,1,Augustin Chaho,Agosti Xaho,Q2871561,Augustin,Chaho,t5590
https://monumenta.wikibase.cloud/entity/Q295,https://monumenta.wikibase.cloud/entity/statement/Q295-373A2133-0598-4C45-BA77-3B066B13225C,1,Pierre Lhande,Pierre Lhande,Q3385966,Pierre,Lhande,t5587
https://monumenta.wikibase.cloud/entity/Q296,https://monumenta.wikibase.cloud/entity/statement/Q296-43BB827F-6995-4332-A6D4-A9554169B377,1,Willem J. van Eys,Willem J. van Eys,,Willem J. van,Eys,t5579
https://monumenta.wikibase.cloud/entity/Q297,https://monumenta.wikibase.cloud/entity/statement/Q297-46032B14-7806-4670-9DEB-B5AA43CA6FDE,1,Manuel Larramendi,Manuel de Larramendi,Q4890298,Manuel,Larramendi,t5586
https://monumenta.wikibase.cloud/entity/Q298,https://monumenta.wikibase.cloud/entity/statement/Q298-7431B517-39F6-4CA4-9CA8-ABA0DB1418F4,1,Manuel Larramendi,Manuel de Larramendi,Q4890298,Manuel,Larramendi,t5596
https://monumenta.wikibase.cloud/entity/Q299,https://monumenta.wikibase.cloud/entity/statement/Q299-4F1B6F27-034D-47EF-88A2-BBA67901A73D,1,Isaac López-Mendizábal,Isaac López-Mendizábal,,Isaac,López-Mendizábal,t5584
https://monumenta.wikibase.cloud/entity/Q300,https://monumenta.wikibase.cloud/entity/statement/Q300-8BAFFEF2-70AA-4749-A4C8-5DE21CD92FF2,1,Manuel Larramendi,Manuel de Larramendi,Q4890298,Manuel,Larramendi,t5592
https://monumenta.wikibase.cloud/entity/Q301,https://monumenta.wikibase.cloud/entity/statement/Q301-6089CC68-BB68-4C14-9CBA-05D09EAC256F,1,Ignacio Garmendia Berasategui,Ignacio Garmendia Berasategui,,Ignacio,Garmendia Berasategui,t7018
https://monumenta.wikibase.cloud/entity/Q302,https://monumenta.wikibase.cloud/entity/statement/Q302-0A4E3344-08DC-45B0-BF82-036E5CC92DC0,1,Luis Astigarraga Ugarte,Luis Astigarraga y Ugarte,Q84518294,Luis,Astigarraga Ugarte,t6962
https://monumenta.wikibase.cloud/entity/Q303,https://monumenta.wikibase.cloud/entity/statement/Q303-65BE105B-2ABF-43DC-8956-4EFECE0DB0C0,1,Luis Astigarraga Ugarte,Luis Astigarraga y Ugarte,Q84518294,Luis,Astigarraga Ugarte,t7002
https://monumenta.wikibase.cloud/entity/Q304,https://monumenta.wikibase.cloud/entity/statement/Q304-DE8B4BA7-61CF-44EE-BC47-02DB7C19B9CE,1,Jose Maria Lakoizketa,José María de Lacoizqueta,Q9014530,Jose Maria,Lakoizketa,t6956
https://monumenta.wikibase.cloud/entity/Q305,https://monumenta.wikibase.cloud/entity/statement/Q305-DC3BD3B2-F12B-4A4B-BBEB-39592BF54AC0,1,José María de Lacoizqueta,José María de Lacoizqueta,Q9014530,José María de,Lacoizqueta,t6980
https://monumenta.wikibase.cloud/entity/Q307,https://monumenta.wikibase.cloud/entity/statement/Q307-8471EF57-37D9-404B-81AC-37054AB73DE9,2,Ixaka López-Mendizabal,Isaac López Mendizábal,Q3772654,Ixaka,López-Mendizabal,t6950
https://monumenta.wikibase.cloud/entity/Q307,https://monumenta.wikibase.cloud/entity/statement/Q307-9D2BF819-50B6-4CE5-8AC0-78CDCC46A763,1,Erroman Bera,Erroman Bera,,Erroman,Bera,t6990
https://monumenta.wikibase.cloud/entity/Q308,https://monumenta.wikibase.cloud/entity/statement/Q308-66A9E302-542A-42A4-A4A4-1949EE0E1126,1,Wilhelm von Humboldt,Wilhelm von Humboldt,Q77888,Wilhelm,von Humboldt,t7019
https://monumenta.wikibase.cloud/entity/Q309,https://monumenta.wikibase.cloud/entity/statement/Q309-8D652A44-1E86-47FA-A537-20F4EECAEA99,1,Jose Maria Aizpitarte,Jose Maria Aizpitarte,,Jose Maria,Aizpitarte,t7017
https://monumenta.wikibase.cloud/entity/Q310,https://monumenta.wikibase.cloud/entity/statement/Q310-9B0B6C20-BDBD-4BA0-9307-8CE27434B5EA,1,José Francisco Aizquibel,Jose Francisco Aizkibel Epelde,Q12260618,José Francisco,Aizquibel,t7006
https://monumenta.wikibase.cloud/entity/Q312,https://monumenta.wikibase.cloud/entity/statement/Q312-FE6CCA87-ADC3-4B73-A8E7-4126EA418C1E,1,José Francisco Irigoyen,José Francisco Irigoyen,,José Francisco,Irigoyen,t7008
https://monumenta.wikibase.cloud/entity/Q313,https://monumenta.wikibase.cloud/entity/statement/Q313-C197E470-BCED-4FBF-9E5E-29F3A04C417E,1,Georg August Friedrich Goldmann,Georg August Friedrich Goldmann,Q55123025,Georg August Friedrich,Goldmann,t6975
https://monumenta.wikibase.cloud/entity/Q314,https://monumenta.wikibase.cloud/entity/statement/Q314-AB8B83F9-9870-46A6-96CD-BD8350E6BAEF,1,Pedro Antonio Añibarro,Pedro Añibarro,Q4890107,Pedro Antonio,Añibarro,t7027
https://monumenta.wikibase.cloud/entity/Q315,https://monumenta.wikibase.cloud/entity/statement/Q315-0340BC23-89FF-4A58-9848-A6E7842ED5A6,1,C. A. F. Mahn,Carl August Friedrich Mahn,Q118943,C. A. F.,Mahn,t7000
https://monumenta.wikibase.cloud/entity/Q316,https://monumenta.wikibase.cloud/entity/statement/Q316-7C65C4AB-DD25-4881-A7F9-8C38BE8C6E94,1,Txomin Peillen Karrikaburu,Txomin Peillen,Q3542631,Txomin,Peillen Karrikaburu,t7007
https://monumenta.wikibase.cloud/entity/Q318,https://monumenta.wikibase.cloud/entity/statement/Q318-48A57056-55CB-4467-84C5-DDE12CFEA68E,1,Ana María Echaide,Ana Etxaide,Q30044734,Ana María,Echaide,t6969
https://monumenta.wikibase.cloud/entity/Q319,https://monumenta.wikibase.cloud/entity/statement/Q319-099AB219-0436-4EC1-9AEF-DCFF41E2C3FA,1,Antonio Griera,Antonio Griera y Gaja,Q11905856,Antonio,Griera,t6960
https://monumenta.wikibase.cloud/entity/Q320,https://monumenta.wikibase.cloud/entity/statement/Q320-C5B37FB5-5662-44C6-9FDA-174E65125F4B,1,Pablo de Zamarripa y Uraga,Pablo de Zamarripa y Uraga,,Pablo de,Zamarripa y Uraga,t7014
https://monumenta.wikibase.cloud/entity/Q321,https://monumenta.wikibase.cloud/entity/statement/Q321-F35FE4D6-77B3-437D-B253-B8D0C1031961,1,José María Iribarren,José María Iribarren,Q8578973,José María,Iribarren,t6994
https://monumenta.wikibase.cloud/entity/Q322,https://monumenta.wikibase.cloud/entity/statement/Q322-B080AE0C-903D-458F-96AB-C540045C49B2,2,Pierre Lafitte,Pierre Lafitte Ithurralde,Q3138345,Pierre,Lafitte,t6978
https://monumenta.wikibase.cloud/entity/Q322,https://monumenta.wikibase.cloud/entity/statement/Q322-F6A61891-78C4-4C4E-8F47-47586EECA76F,1,Ph. Aranart,Ph. Aranart,,Ph.,Aranart,t6988
https://monumenta.wikibase.cloud/entity/Q324,https://monumenta.wikibase.cloud/entity/statement/Q324-9A3E1E2B-E694-4DA7-9313-2DBA0176DEB8,1,Luis Michelena,Koldo Mitxelena,Q2457804,Luis,Michelena,t6992
https://monumenta.wikibase.cloud/entity/Q327,https://monumenta.wikibase.cloud/entity/statement/Q327-2758DA8B-D819-4255-9EF7-4925579895D0,1,José María Iribarren,José María Iribarren,Q8578973,José María,Iribarren,t6967
https://monumenta.wikibase.cloud/entity/Q328,https://monumenta.wikibase.cloud/entity/statement/Q328-F3F03A00-8108-4408-A524-9931AE6EC37D,1,Juan Gorostiaga Bilbao,Juan Gorostiaga,Q3187662,Juan,Gorostiaga Bilbao,t7029
https://monumenta.wikibase.cloud/entity/Q329,https://monumenta.wikibase.cloud/entity/statement/Q329-EBCF4181-CAA3-48F3-91E2-C0CA06595BFB,1,Sabin de Arana-Goiri,Sabino Arana,Q332663,Sabin de,Arana-Goiri,t7031
https://monumenta.wikibase.cloud/entity/Q330,https://monumenta.wikibase.cloud/entity/statement/Q330-AF010D89-AD87-456C-980E-05E15DBAC67A,1,Sabino de Arana y Goiri,Sabino Arana,Q332663,Sabino de,Arana y Goiri,t7030
https://monumenta.wikibase.cloud/entity/Q331,https://monumenta.wikibase.cloud/entity/statement/Q331-2DF158EC-539D-4B08-8232-63D18070017B,1,Jacques Allières,Jacques Allières,Q1677876,Jacques,Allières,t6972
https://monumenta.wikibase.cloud/entity/Q220,https://monumenta.wikibase.cloud/entity/statement/Q220-A3DF1C8D-8EB0-43BD-A3C6-7C6294364894,1,Gustave Brunet,Pierre Gustave Brunet,Q578213,Gustave,Brunet,t3280
https://monumenta.wikibase.cloud/entity/Q221,https://monumenta.wikibase.cloud/entity/statement/Q221-2DD26350-72D5-42DC-AAFB-8E4FF5C92B82,1,Charles Videgain,Charles Videgain,Q2960394,Charles,Videgain,t3275
https://monumenta.wikibase.cloud/entity/Q228,https://monumenta.wikibase.cloud/entity/statement/Q228-84FE5A46-7C3F-4264-A0A2-F817AA09899E,1,Edward Spencer Dodgson,Edward Spencer Dodgson,Q12256501,Edward Spencer,Dodgson,t3761
https://monumenta.wikibase.cloud/entity/Q231,https://monumenta.wikibase.cloud/entity/statement/Q231-B16BE661-E517-442C-B1DE-1596390BA082,1,Juan de Perochegui,Joan Perotxegi,Q77238970,Juan de,Perochegui,t3772
https://monumenta.wikibase.cloud/entity/Q235,https://monumenta.wikibase.cloud/entity/statement/Q235-21609B6B-71F1-49D6-B29B-E63C16DB7469,2,Koldo Zuazo,Koldo Zuazo,Q3138338,Koldo,Zuazo,t3797
https://monumenta.wikibase.cloud/entity/Q235,https://monumenta.wikibase.cloud/entity/statement/Q235-8F418632-B521-42A2-98B1-A35DFF047D45,1,Endrike Knörr,Henrike Knörr,Q1151540,Endrike,Knörr,t3774
https://monumenta.wikibase.cloud/entity/Q240,https://monumenta.wikibase.cloud/entity/statement/Q240-F4EA0069-E426-4B6C-B2A4-BC4DF58F1B9E,1,Wentworth Webster,Wentworth Webster,Q3567291,Wentworth,Webster,t3800
https://monumenta.wikibase.cloud/entity/Q244,https://monumenta.wikibase.cloud/entity/statement/Q244-0F397771-E0B4-4636-9A13-688085573F9A,1,Charles Videgain,Charles Videgain,Q2960394,Charles,Videgain,t3784
https://monumenta.wikibase.cloud/entity/Q245,https://monumenta.wikibase.cloud/entity/statement/Q245-836CE5AB-01B9-42C0-8645-67D6E0D6C81F,1,Gustave Brunet,Pierre Gustave Brunet,Q578213,Gustave,Brunet,t3968
https://monumenta.wikibase.cloud/entity/Q247,https://monumenta.wikibase.cloud/entity/statement/Q247-AD502388-0772-445D-9A8F-9925703B6D9A,1,Patrizio Urkizu Sarasua,Patrizio Urkizu Sarasua,,Patrizio,Urkizu Sarasua,t3961
https://monumenta.wikibase.cloud/entity/Q251,https://monumenta.wikibase.cloud/entity/statement/Q251-1440A54A-BB69-4DAC-82BA-72C9D1E08480,1,Juan de Perochegui,Joan Perotxegi,Q77238970,Juan de,Perochegui,t4030
https://monumenta.wikibase.cloud/entity/Q252,https://monumenta.wikibase.cloud/entity/statement/Q252-94C8C75F-4E7B-43C2-B90D-F5B76D10C7C5,1,Koldo Mitxelena,Koldo Mitxelena,,Koldo,Mitxelena,t4206
https://monumenta.wikibase.cloud/entity/Q252,https://monumenta.wikibase.cloud/entity/statement/Q252-97AF3EF6-BB38-47D6-BADE-354DCD3D9A19,2,Manuel Agud,Manuel Agud,Q11690530,Manuel,Agud,t4212
https://monumenta.wikibase.cloud/entity/Q253,https://monumenta.wikibase.cloud/entity/statement/Q253-69BF13A3-6158-401A-BCDC-8AC9CE78F544,1,Manuel Agud,Manuel Agud,Q11690530,Manuel,Agud,t4196
https://monumenta.wikibase.cloud/entity/Q253,https://monumenta.wikibase.cloud/entity/statement/Q253-D6C42742-7ABC-4A8C-A7F0-9FF840209A84,2,Luis Michelena,Koldo Mitxelena,Q2457804,Luis,Michelena,t4197
https://monumenta.wikibase.cloud/entity/Q254,https://monumenta.wikibase.cloud/entity/statement/Q254-53A992CD-C0E8-433C-B6C9-38AA76BCA379,1,Endrike Knörr,Henrike Knörr,Q1151540,Endrike,Knörr,t4199
https://monumenta.wikibase.cloud/entity/Q254,https://monumenta.wikibase.cloud/entity/statement/Q254-65129A8D-22EC-4CBD-92FB-71C02D7A9986,2,Koldo Zuazo,Koldo Zuazo,Q3138338,Koldo,Zuazo,t4205
https://monumenta.wikibase.cloud/entity/Q260,https://monumenta.wikibase.cloud/entity/statement/Q260-40C748D7-999B-429E-9303-DB72349F4A00,1,Luis Villasante,Luis Villasante,Q3068803,Luis,Villasante,t4500
https://monumenta.wikibase.cloud/entity/Q261,https://monumenta.wikibase.cloud/entity/statement/Q261-A895974C-D665-456F-AF80-3E7BB6031811,1,Patri Urkizu,Patri Urkizu,Q12265588,Patri,Urkizu,t4503
https://monumenta.wikibase.cloud/entity/Q271,https://monumenta.wikibase.cloud/entity/statement/Q271-2284EDEB-31D8-4996-8B5A-6AB51D3C4494,1,Fidel Fita,Fidel Fita y Colomé,Q8961578,Fidel,Fita,t5036
https://monumenta.wikibase.cloud/entity/Q280,https://monumenta.wikibase.cloud/entity/statement/Q280-A276CF0F-67F5-439C-A0BE-A9A028421DD1,1,Patxi Altuna,Patxi Altuna,Q3370189,Patxi,Altuna,t5023
https://monumenta.wikibase.cloud/entity/Q300,https://monumenta.wikibase.cloud/entity/statement/Q300-81C724DC-0BD2-4013-9B6C-F19CBA608B11,1,Pío de Zuazua,Pío de Zuazua,,Pío de,Zuazua,t5588
https://monumenta.wikibase.cloud/entity/Q317,https://monumenta.wikibase.cloud/entity/statement/Q317-AEB8C181-8A20-4DF9-9616-449517FEC952,1,Bernardo Estornés Lasa,Bernardo Estornés Lasa,Q2898950,Bernardo,Estornés Lasa,t6966
https://monumenta.wikibase.cloud/entity/Q375,https://monumenta.wikibase.cloud/entity/statement/Q375-DE84ED76-8B0D-4241-9627-089ECE95F5DD,1,A. M. Labaien,A. M. Labaien,,A. M.,Labaien,t8225
https://monumenta.wikibase.cloud/entity/Q395,https://monumenta.wikibase.cloud/entity/statement/Q395-05AB51FF-B84B-47D1-8794-E79514EC3F2E,2,Xabier Alberdi,Xabier Alberdi,,Xabier,Alberdi,t8742
https://monumenta.wikibase.cloud/entity/Q395,https://monumenta.wikibase.cloud/entity/statement/Q395-1FA2196E-ABFC-42FE-83DE-4875A70A02F9,1,Pello Salaburu,Pello Salaburu Etxeberria,Q788115,Pello,Salaburu,t8741
https://monumenta.wikibase.cloud/entity/Q401,https://monumenta.wikibase.cloud/entity/statement/Q401-6EB467C4-1587-4AF0-8A08-06C0BD5CFD46,1,Thomas Magay,Thomas Magay,,Thomas,Magay,t9036
https://monumenta.wikibase.cloud/entity/Q401,https://monumenta.wikibase.cloud/entity/statement/Q401-BA9C91B8-A001-4437-B535-CDA59B9F9A95,2,Judith Zigány,Judith Zigány,,Judith,Zigány,t9034
https://monumenta.wikibase.cloud/entity/Q402,https://monumenta.wikibase.cloud/entity/statement/Q402-12FCA524-F762-4AEC-AA1E-D87DC8CB4BC3,3,Egbert Lehmann,Egbert Lehmann,,Egbert,Lehmann,t9041
https://monumenta.wikibase.cloud/entity/Q402,https://monumenta.wikibase.cloud/entity/statement/Q402-17E05334-9DFF-4FF5-844F-42FBF3A0E807,4,Christian Rohrer,Christian Rohrer,,Christian,Rohrer,t9032
https://monumenta.wikibase.cloud/entity/Q402,https://monumenta.wikibase.cloud/entity/statement/Q402-2D6BCFD6-F6CB-44E1-A310-89EE4715C113,2,Stefan Evert,Stephanie Evert,Q65312439,Stefan,Evert,t9039
https://monumenta.wikibase.cloud/entity/Q402,https://monumenta.wikibase.cloud/entity/statement/Q402-CF969B89-5E06-4652-AFB4-CFDAAEABAFAE,1,Ulrich Heid,Ulrich Heid,,Ulrich,Heid,t9040
https://monumenta.wikibase.cloud/entity/Q407,https://monumenta.wikibase.cloud/entity/statement/Q407-0D2387EC-A755-4DBF-B819-4BC550F70828,1,Joseba A. Lakarra,Joseba Lakarra,Q941098,Joseba A.,Lakarra,t9225
https://monumenta.wikibase.cloud/entity/Q409,https://monumenta.wikibase.cloud/entity/statement/Q409-E1166034-252A-4F7A-A83C-58C7F14A69F1,1,Concepción Martínez Pasamar,Concepción Martínez Pasamar,,Concepción,Martínez Pasamar,t9344
https://monumenta.wikibase.cloud/entity/Q415,https://monumenta.wikibase.cloud/entity/statement/Q415-14D91905-ED22-4548-84D0-26F886C6CF87,3,Egbert Lehmann,Egbert Lehmann,,Egbert,Lehmann,t10261
https://monumenta.wikibase.cloud/entity/Q415,https://monumenta.wikibase.cloud/entity/statement/Q415-3DD3873F-0218-4B8E-A269-422E0A3348A0,4,Christian Rohrer,Christian Rohrer,,Christian,Rohrer,t10246
https://monumenta.wikibase.cloud/entity/Q415,https://monumenta.wikibase.cloud/entity/statement/Q415-425B0D7B-0132-40B6-94EB-CE40A5D9019F,1,Ulrich Heid,Ulrich Heid,,Ulrich,Heid,t10298
https://monumenta.wikibase.cloud/entity/Q415,https://monumenta.wikibase.cloud/entity/statement/Q415-88CD5E83-07AE-47F7-9BE5-0CCCE0860199,2,Stefan Evert,Stephanie Evert,Q65312439,Stefan,Evert,t10188
https://monumenta.wikibase.cloud/entity/Q421,https://monumenta.wikibase.cloud/entity/statement/Q421-080FF4F8-4497-413C-BD1F-26280FF862C3,2,Magali Paquot,Magali Paquot,Q112468737,Magali,Paquot,t10187
https://monumenta.wikibase.cloud/entity/Q421,https://monumenta.wikibase.cloud/entity/statement/Q421-27783894-05C1-4A8B-9C51-28654ACACA8E,1,Sylviane Granger,Sylviane Granger,Q26923739,Sylviane,Granger,t10197
https://monumenta.wikibase.cloud/entity/Q425,https://monumenta.wikibase.cloud/entity/statement/Q425-4622AD99-E345-4E09-A068-85789EC486E5,4,Kerstin Norén,Kerstin Norén,Q4970223,Kerstin,Norén,t10276
https://monumenta.wikibase.cloud/entity/Q425,https://monumenta.wikibase.cloud/entity/statement/Q425-56747D9D-34ED-4445-AC04-33EEEBBC2BF2,6,Catalina Röjder Papmehl,Catalina Röjder Papmehl,,Catalina Röjder,Papmehl,t10272
https://monumenta.wikibase.cloud/entity/Q425,https://monumenta.wikibase.cloud/entity/statement/Q425-88C20B5D-6EDF-4349-B8DA-6E0F96559B28,2,Jerker Järborg,Jerker Järborg,,Jerker,Järborg,t10279
https://monumenta.wikibase.cloud/entity/Q425,https://monumenta.wikibase.cloud/entity/statement/Q425-CCD7B15B-0000-4EE8-8D60-9B27048FA41F,5,Lena Rogström,Lena Rogström,Q109389788,Lena,Rogström,t10278
https://monumenta.wikibase.cloud/entity/Q425,https://monumenta.wikibase.cloud/entity/statement/Q425-CED79145-2713-499F-926E-B6EAAF786B2C,3,Sven-Göran Malmgren,Sven-Göran Malmgren,Q48964222,Sven-Göran,Malmgren,t10284
https://monumenta.wikibase.cloud/entity/Q425,https://monumenta.wikibase.cloud/entity/statement/Q425-FAAF099F-FF78-4177-B911-A57E11D9930A,1,Martin Gellerstam,Martin Gellerstam,Q109280408,Martin,Gellerstam,t10192
https://monumenta.wikibase.cloud/entity/Q431,https://monumenta.wikibase.cloud/entity/statement/Q431-1B873A54-B74A-45F7-AB03-341EFEE2CBB1,3,Cristina Onesti,Cristina Onesti,,Cristina,Onesti,t10307
https://monumenta.wikibase.cloud/entity/Q431,https://monumenta.wikibase.cloud/entity/statement/Q431-47F06DA4-BF7D-4396-B55D-2D51E3AF95FF,1,Elisa Corino,Elisa Corino,,Elisa,Corino,t10258
https://monumenta.wikibase.cloud/entity/Q431,https://monumenta.wikibase.cloud/entity/statement/Q431-9E3FE232-2E88-4A4C-9E61-24097E8CC2B2,2,Carla Marello,Carla Marello,Q3658854,Carla,Marello,t10241
https://monumenta.wikibase.cloud/entity/Q441,https://monumenta.wikibase.cloud/entity/statement/Q441-4E5B5007-FCAF-44AA-A42C-9474628CFD84,2,Jon Ortiz de Urbina,Jon Mirena Ortiz de Urbina Arruabarrena,Q20582522,Jon,Ortiz de Urbina,t10934
https://monumenta.wikibase.cloud/entity/Q441,https://monumenta.wikibase.cloud/entity/statement/Q441-BD3BF4FE-80A1-4D44-98E9-CDD925F46589,1,José Ignacio Hualde,José Ignacio Hualde,Q6292505,José Ignacio,Hualde,t10880
https://monumenta.wikibase.cloud/entity/Q445,https://monumenta.wikibase.cloud/entity/statement/Q445-70635D6C-26DD-44D2-B987-F8DF7CCC5F2A,1,Andrea Abel,Andrea Abel,,Andrea,Abel,t10900
https://monumenta.wikibase.cloud/entity/Q445,https://monumenta.wikibase.cloud/entity/statement/Q445-878A2D32-DD57-4BE1-BB16-1A08FF111F41,2,Chiara Vettori,Chiara Vettori,,Chiara,Vettori,t10945
https://monumenta.wikibase.cloud/entity/Q445,https://monumenta.wikibase.cloud/entity/statement/Q445-90AFE002-2617-4780-B261-A78B8270659A,3,Natascia Ralli,Natascia Ralli,,Natascia,Ralli,t10924
https://monumenta.wikibase.cloud/entity/Q446,https://monumenta.wikibase.cloud/entity/statement/Q446-9E3A1A96-B8D9-4AD2-9D2F-8CD567DA2FD0,1,Tinatin Margalitadze,Tinatin Margalitadze,,Tinatin,Margalitadze,t10888
https://monumenta.wikibase.cloud/entity/Q446,https://monumenta.wikibase.cloud/entity/statement/Q446-B6A16E1A-DE26-4764-8854-3537DE6AEE2B,2,George Meladze,George Meladze,,George,Meladze,t10906
https://monumenta.wikibase.cloud/entity/Q447,https://monumenta.wikibase.cloud/entity/statement/Q447-0764309D-FE17-467E-ADF5-C9EE100A64B1,1,Franz Josef Hausmann,Franz Josef Hausmann,Q1447496,Franz Josef,Hausmann,t10885
https://monumenta.wikibase.cloud/entity/Q447,https://monumenta.wikibase.cloud/entity/statement/Q447-55970227-0220-4FEC-AC16-32F01DAA931E,3,Herbert Ernst Wiegand,Herbert Ernst Wiegand,Q12019508,Herbert Ernst,Wiegand,t10904
https://monumenta.wikibase.cloud/entity/Q447,https://monumenta.wikibase.cloud/entity/statement/Q447-8755821B-CCA1-44C4-9055-679780604C7F,4,Ladislav Zgusta,Ladislav Zgusta,Q1755374,Ladislav,Zgusta,t10895
https://monumenta.wikibase.cloud/entity/Q447,https://monumenta.wikibase.cloud/entity/statement/Q447-9F397FB7-9310-444E-AD3A-71B00671CE37,2,Oskar Reichmann,Oskar Reichmann,Q18339939,Oskar,Reichmann,t10916
https://monumenta.wikibase.cloud/entity/Q332,https://monumenta.wikibase.cloud/entity/statement/Q332-94A9DED4-2A71-4842-BC47-A33368960ADC,1,Paul Chapuy,Paul Chapuy,,Paul,Chapuy,t6999
https://monumenta.wikibase.cloud/entity/Q333,https://monumenta.wikibase.cloud/entity/statement/Q333-7D67A1D3-D33D-4E07-891E-FBD37F413813,1,Federico Baraibar y Zumárraga,Federico Baraibar y Zumárraga,Q1276479,Federico,Baraibar y Zumárraga,t6958
https://monumenta.wikibase.cloud/entity/Q334,https://monumenta.wikibase.cloud/entity/statement/Q334-6059A4E0-0DDC-4161-8F82-66ED162E22C5,1,Ixaka Lopez-Mendizabal,Isaac López Mendizábal,Q3772654,Ixaka,Lopez-Mendizabal,t7003
https://monumenta.wikibase.cloud/entity/Q335,https://monumenta.wikibase.cloud/entity/statement/Q335-8F9405C3-2BA0-4961-888C-A83EB19342C1,1,Battit Otokégy,Battit Otokégy,,Battit,Otokégy,t6959
https://monumenta.wikibase.cloud/entity/Q336,https://monumenta.wikibase.cloud/entity/statement/Q336-02319CE0-696E-4474-81E9-0F53829F2367,1,Odón de Apraiz Buesa,Odón de Apraiz Buesa,,Odón de,Apraiz Buesa,t6976
https://monumenta.wikibase.cloud/entity/Q338,https://monumenta.wikibase.cloud/entity/statement/Q338-F9F648B7-03C2-48FD-AB1F-2F335992775B,1,Isaac López Mendizábal,Isaac López Mendizábal,Q3772654,Isaac,López Mendizábal,t6983
https://monumenta.wikibase.cloud/entity/Q339,https://monumenta.wikibase.cloud/entity/statement/Q339-E0FC6BAF-323F-42C6-8106-0A2DE3F8741F,1,Isaac Lopez Mendizabal,Isaac López Mendizábal,Q3772654,Isaac,Lopez Mendizabal,t7039
https://monumenta.wikibase.cloud/entity/Q340,https://monumenta.wikibase.cloud/entity/statement/Q340-8BE048F8-7799-4D51-BB7C-F16901C5E268,1,Isaac López-Mendizabal,Isaac López Mendizábal,Q3772654,Isaac,López-Mendizabal,t6984
https://monumenta.wikibase.cloud/entity/Q341,https://monumenta.wikibase.cloud/entity/statement/Q341-4F462707-F5F7-4C71-9DBC-1F1FFCB390E6,1,Jean Larrasquet,Jean Larrasquet,,Jean,Larrasquet,t7016
https://monumenta.wikibase.cloud/entity/Q342,https://monumenta.wikibase.cloud/entity/statement/Q342-EB2B84D8-E591-4C40-9B8A-DFD305972677,1,Isaac López-Mendizábal,Isaac López-Mendizábal,,Isaac,López-Mendizábal,t8263
https://monumenta.wikibase.cloud/entity/Q343,https://monumenta.wikibase.cloud/entity/statement/Q343-825F7007-4F75-4857-A875-1FA02FA9D973,1,Isaac López Mendizábal,Isaac López Mendizábal,Q3772654,Isaac,López Mendizábal,t8278
https://monumenta.wikibase.cloud/entity/Q344,https://monumenta.wikibase.cloud/entity/statement/Q344-DE5B3773-7BAF-4384-A529-9B5A3A91A6FA,1,Gerhard Bähr,Gerhard Bähr,Q12258409,Gerhard,Bähr,t8226
https://monumenta.wikibase.cloud/entity/Q345,https://monumenta.wikibase.cloud/entity/statement/Q345-7E5B6ED9-6266-4044-847A-E1BFBAF6E8B8,1,Isaac López Mendizábal,Isaac López Mendizábal,Q3772654,Isaac,López Mendizábal,t8271
https://monumenta.wikibase.cloud/entity/Q346,https://monumenta.wikibase.cloud/entity/statement/Q346-70BEBBFA-9E1C-4B50-A6A6-7A11B74DB786,1,Francisco Javier Arraiza,Francisco Javier Arraiza,,Francisco Javier,Arraiza,t8281
https://monumenta.wikibase.cloud/entity/Q348,https://monumenta.wikibase.cloud/entity/statement/Q348-AC86CEB1-6082-439E-8C12-84232898B4B2,1,Txomin Iakakortexarena,Txomin Iakakortexarena,,Txomin,Iakakortexarena,t8275
https://monumenta.wikibase.cloud/entity/Q349,https://monumenta.wikibase.cloud/entity/statement/Q349-329AE676-CE70-435C-A192-3DE2807D3514,1,Pablo de Zamarripa y Uraga,Pablo de Zamarripa y Uraga,,Pablo de,Zamarripa y Uraga,t8238
https://monumenta.wikibase.cloud/entity/Q350,https://monumenta.wikibase.cloud/entity/statement/Q350-0729F6BE-3561-4F7B-B6A5-D683D1DD3110,1,Isaac López-Mendizabal,Isaac López Mendizábal,Q3772654,Isaac,López-Mendizabal,t8258
https://monumenta.wikibase.cloud/entity/Q351,https://monumenta.wikibase.cloud/entity/statement/Q351-CBDDFE5A-7C30-4212-944B-919601D0D0BD,1,Isaac López-Mendizabal,Isaac López Mendizábal,Q3772654,Isaac,López-Mendizabal,t8288
https://monumenta.wikibase.cloud/entity/Q352,https://monumenta.wikibase.cloud/entity/statement/Q352-1235DDAF-1068-42EE-8747-A7885237BD80,1,Vicente Laffitte,Vicente Laffitte,,Vicente,Laffitte,t8217
https://monumenta.wikibase.cloud/entity/Q353,https://monumenta.wikibase.cloud/entity/statement/Q353-B3415EAA-A0B2-43DF-8217-B2DD4846F743,1,Cándido Izaguirre,Cándido Izaguirre,,Cándido,Izaguirre,t8283
https://monumenta.wikibase.cloud/entity/Q354,https://monumenta.wikibase.cloud/entity/statement/Q354-07A18987-CE37-4A16-A393-F99E79B1A3CF,2,Pierre Fenaille,Pierre Fenaille,,Pierre,Fenaille,t8206
https://monumenta.wikibase.cloud/entity/Q354,https://monumenta.wikibase.cloud/entity/statement/Q354-2DC6424B-BBF8-4852-97E8-FB765770ADB2,1,Bertha Mispiratçeguy,Bertha Mispiratçeguy,,Bertha,Mispiratçeguy,t8279
https://monumenta.wikibase.cloud/entity/Q355,https://monumenta.wikibase.cloud/entity/statement/Q355-0B0B6926-7B7D-4CDF-A7AE-4F88FE80A9CF,1,Toribio Echevarría,Toribio Echevarría,Q3078967,Toribio,Echevarría,t8261
https://monumenta.wikibase.cloud/entity/Q355,https://monumenta.wikibase.cloud/entity/statement/Q355-5A4F340B-FFBF-4055-BCC8-E70B093CF8B6,2,Juan San Martín Ortiz de Zárate,Juan San Martín,Q3187789,Juan,San Martín Ortiz de Zárate,t8209
https://monumenta.wikibase.cloud/entity/Q356,https://monumenta.wikibase.cloud/entity/statement/Q356-47CF9E34-6543-4ECB-9A29-6A078A4B58CB,3,José Juan Iraola Múgica,José Juan Iraola Múgica,,José Juan,Iraola Múgica,t8254
https://monumenta.wikibase.cloud/entity/Q356,https://monumenta.wikibase.cloud/entity/statement/Q356-6BE583E3-EB8E-4263-A853-4D81985482FF,1,Vicente Laffitte,Vicente Laffitte,,Vicente,Laffitte,t8272
https://monumenta.wikibase.cloud/entity/Q356,https://monumenta.wikibase.cloud/entity/statement/Q356-90FAFB0C-4F8F-40AD-B659-6AE29F12240B,2,Miguel Ibáñez Artica,Miguel Ibáñez Artica,,Miguel,Ibáñez Artica,t8204
https://monumenta.wikibase.cloud/entity/Q357,https://monumenta.wikibase.cloud/entity/statement/Q357-E74324C6-A6D3-4886-9845-A2341925B8D4,1,Manuel Eguileor Orueta,Manuel de Eguileor Orueta,Q11935033,Manuel,Eguileor Orueta,t8265
https://monumenta.wikibase.cloud/entity/Q358,https://monumenta.wikibase.cloud/entity/statement/Q358-0E2113BE-970C-436B-A646-A7957D656350,1,Pablo de Zamarripa y Uraga,Pablo de Zamarripa y Uraga,,Pablo de,Zamarripa y Uraga,t8202
https://monumenta.wikibase.cloud/entity/Q359,https://monumenta.wikibase.cloud/entity/statement/Q359-228F7351-2FEC-4A1D-88D9-D07E7A4AE443,1,Fenaille Mispiratzeguy,Fenaille Mispiratzeguy,,Fenaille,Mispiratzeguy,t8214
https://monumenta.wikibase.cloud/entity/Q360,https://monumenta.wikibase.cloud/entity/statement/Q360-7C05326C-ACE8-4559-A81B-D4A166B7E50D,1,Fenaille Mispiratzeguy,Fenaille Mispiratzeguy,,Fenaille,Mispiratzeguy,t8251
https://monumenta.wikibase.cloud/entity/Q361,https://monumenta.wikibase.cloud/entity/statement/Q361-3A1DC038-D719-41A8-8296-A2D4DB367C31,2,Ixaka Lopez-Mendizabal,Isaac López Mendizábal,Q3772654,Ixaka,Lopez-Mendizabal,t8203
https://monumenta.wikibase.cloud/entity/Q361,https://monumenta.wikibase.cloud/entity/statement/Q361-70291466-BAC7-4543-AE8B-61327019E5B6,1,Erroman Bera,Erroman Bera,,Erroman,Bera,t8257
https://monumenta.wikibase.cloud/entity/Q362,https://monumenta.wikibase.cloud/entity/statement/Q362-D3CF7588-D340-42DD-92DE-D00F38CC4175,1,Isaac López Mendizábal,Isaac López Mendizábal,Q3772654,Isaac,López Mendizábal,t8221
https://monumenta.wikibase.cloud/entity/Q363,https://monumenta.wikibase.cloud/entity/statement/Q363-32352201-47ED-431B-BE17-0E5C8FBCA3B1,1,Resurrección María Azkue,Resurrección María de Azkue,Q3109903,Resurrección María,Azkue,t8277
https://monumenta.wikibase.cloud/entity/Q364,https://monumenta.wikibase.cloud/entity/statement/Q364-808E7754-C32D-497A-8255-CE9BA904B989,1,Juan Fernández Amador de los Ríos,Juan Fernández Amador de los Ríos,Q28654432,Juan,Fernández Amador de los Ríos,t8291
https://monumenta.wikibase.cloud/entity/Q365,https://monumenta.wikibase.cloud/entity/statement/Q365-D547538E-BBD3-4E7E-BF39-6506CCBE547B,1,Pierre Lhande,Pierre Lhande,Q3385966,Pierre,Lhande,t8243
https://monumenta.wikibase.cloud/entity/Q366,https://monumenta.wikibase.cloud/entity/statement/Q366-F75A916B-6BAD-41B1-A4EB-4DD4C00A4424,1,Pierre Lhande,Pierre Lhande,Q3385966,Pierre,Lhande,t8282
https://monumenta.wikibase.cloud/entity/Q367,https://monumenta.wikibase.cloud/entity/statement/Q367-AB380DBC-3CC2-4CCF-876D-4E8C7D966F8C,1,Resurrección María Azkue,Resurrección María de Azkue,Q3109903,Resurrección María,Azkue,t8208
https://monumenta.wikibase.cloud/entity/Q368,https://monumenta.wikibase.cloud/entity/statement/Q368-C3963239-23AA-4A1B-9339-DC9249959C70,1,Resurrección María Azkue,Resurrección María de Azkue,Q3109903,Resurrección María,Azkue,t8220
https://monumenta.wikibase.cloud/entity/Q369,https://monumenta.wikibase.cloud/entity/statement/Q369-73586D63-C7FF-4911-842C-BCC83631FE77,1,Txomin Iakakortexarena,Txomin Iakakortexarena,,Txomin,Iakakortexarena,t8218
https://monumenta.wikibase.cloud/entity/Q370,https://monumenta.wikibase.cloud/entity/statement/Q370-1F604F12-CC23-4B4D-A881-E34A696D8EE3,1,Plácido Múgica Berrondo,Plazido Muxika,Q12266041,Plácido,Múgica Berrondo,t8210
https://monumenta.wikibase.cloud/entity/Q371,https://monumenta.wikibase.cloud/entity/statement/Q371-7A8E65AD-8226-4437-A1D0-458C8DD27CCB,1,Ignacio Garmendia Berasategui,Ignacio Garmendia Berasategui,,Ignacio,Garmendia Berasategui,t8292
https://monumenta.wikibase.cloud/entity/Q372,https://monumenta.wikibase.cloud/entity/statement/Q372-DC258738-CA43-4D06-9B13-29D291122E27,1,Resurrección María de Azkue,Resurrección María de Azkue,Q3109903,Resurrección María de,Azkue,t8200
https://monumenta.wikibase.cloud/entity/Q373,https://monumenta.wikibase.cloud/entity/statement/Q373-D1C1E516-4A62-42B0-82C4-9FF31B988BCA,1,Resurrección María Azkue,Resurrección María de Azkue,Q3109903,Resurrección María,Azkue,t8231
https://monumenta.wikibase.cloud/entity/Q374,https://monumenta.wikibase.cloud/entity/statement/Q374-9D5F4B58-80F9-4B6E-9D36-3024C4315F9D,1,Buenaventura de Oyeregui,Buenaventura de Oyeregui,,Buenaventura de,Oyeregui,t8268
https://monumenta.wikibase.cloud/entity/Q374,https://monumenta.wikibase.cloud/entity/statement/Q374-D94CB36C-4457-4DF4-92A9-B8E5143ADE6D,2,Resurrección María de Azkue,Resurrección María de Azkue,Q3109903,Resurrección María de,Azkue,t8246
https://monumenta.wikibase.cloud/entity/Q375,https://monumenta.wikibase.cloud/entity/statement/Q375-0E0E5902-52A7-4E18-B865-C59BB7E994CA,1,Juan María Román Dornaku Olaechea,Juan María Román Dornaku Olaechea,,Juan María Román,Dornaku Olaechea,t8248
https://monumenta.wikibase.cloud/entity/Q375,https://monumenta.wikibase.cloud/entity/statement/Q375-CBBFEEFA-3160-4168-A84C-1BDF8915F5B9,2,Isaac López Mendizábal,Isaac López Mendizábal,Q3772654,Isaac,López Mendizábal,t8252
https://monumenta.wikibase.cloud/entity/Q376,https://monumenta.wikibase.cloud/entity/statement/Q376-892B7F76-9444-43EF-8A6E-D95C60E24592,1,Román de Bera,Román de Bera,,Román de,Bera,t8222
https://monumenta.wikibase.cloud/entity/Q376,https://monumenta.wikibase.cloud/entity/statement/Q376-F3EAE4BD-39BF-403D-A713-10DA7CA6B6DC,2,Isaac López-Mendizábal,Isaac López-Mendizábal,,Isaac,López-Mendizábal,t8212
https://monumenta.wikibase.cloud/entity/Q377,https://monumenta.wikibase.cloud/entity/statement/Q377-9CD38F03-E41A-4953-BEEB-144450167886,1,O. M. Cap Arbelaitz,O. M. Cap Arbelaitz,,O. M. Cap,Arbelaitz,t8232
https://monumenta.wikibase.cloud/entity/Q377,https://monumenta.wikibase.cloud/entity/statement/Q377-F26EBE41-4362-426E-AFFA-6B7C52961F95,2,Resurrección María de Azkue,Resurrección María de Azkue,Q3109903,Resurrección María de,Azkue,t8230
https://monumenta.wikibase.cloud/entity/Q385,https://monumenta.wikibase.cloud/entity/statement/Q385-76F4F4E1-02F5-47DC-A456-70FABD17132F,1,Luis Michelena Elissalt,Koldo Mitxelena,Q2457804,Luis,Michelena Elissalt,t8459
https://monumenta.wikibase.cloud/entity/Q386,https://monumenta.wikibase.cloud/entity/statement/Q386-923E8512-2AE4-46FC-96CD-E0F49395A5FA,1,Luis Michelena Elissalt,Koldo Mitxelena,Q2457804,Luis,Michelena Elissalt,t8456
https://monumenta.wikibase.cloud/entity/Q387,https://monumenta.wikibase.cloud/entity/statement/Q387-DE2165D0-EC2D-4D33-A0B3-1B40B8261A64,1,Sabino Arana Goiri,Sabino Arana,Q332663,Sabino,Arana Goiri,t8460
https://monumenta.wikibase.cloud/entity/Q387,https://monumenta.wikibase.cloud/entity/statement/Q387-F657522E-91F7-4A91-A29E-B5D1963AD0A9,2,Luis Eleizalde,Luis Eleizalde,Q3266657,Luis,Eleizalde,t8452
https://monumenta.wikibase.cloud/entity/Q388,https://monumenta.wikibase.cloud/entity/statement/Q388-D32D19C8-032D-49DB-8574-CBFBA656B338,1,José María. Iribarren,José María. Iribarren,,José María.,Iribarren,t8455
https://monumenta.wikibase.cloud/entity/Q391,https://monumenta.wikibase.cloud/entity/statement/Q391-334FE7A7-DF93-41BA-A52C-CD20FC1F3D03,4,Mario Saltarelli,Mario Saltarelli,,Mario,Saltarelli,t8616
https://monumenta.wikibase.cloud/entity/Q391,https://monumenta.wikibase.cloud/entity/statement/Q391-345C8B7C-92A5-4641-8517-0D82E1E17068,1,Miren Azkarate,Miren Azkarate Villar,Q3316026,Miren,Azkarate,t8620
https://monumenta.wikibase.cloud/entity/Q391,https://monumenta.wikibase.cloud/entity/statement/Q391-3B8CF068-5355-43DA-9B03-D9B1531BC5C3,3,Jon Ortiz de Urbina,Jon Mirena Ortiz de Urbina Arruabarrena,Q20582522,Jon,Ortiz de Urbina,t8618
https://monumenta.wikibase.cloud/entity/Q391,https://monumenta.wikibase.cloud/entity/statement/Q391-7F03A7A2-B270-4E00-AE26-2B50E4DDF935,2,David Farwell,David Farwell,,David,Farwell,t8613
https://monumenta.wikibase.cloud/entity/Q392,https://monumenta.wikibase.cloud/entity/statement/Q392-5A5975F9-ED3C-4CDA-BFD8-B1D1BCEBD2CF,1,Klara Ceberio,Klara Ceberio,Q95979318,Klara,Ceberio,t8617
https://monumenta.wikibase.cloud/entity/Q392,https://monumenta.wikibase.cloud/entity/statement/Q392-AE2E3B3B-E3B9-44CD-ACF5-51BA8BF43CD5,2,Antton Gurrutxaga,Antton Gurrutxaga,Q65659267,Antton,Gurrutxaga,t8614
https://monumenta.wikibase.cloud/entity/Q393,https://monumenta.wikibase.cloud/entity/statement/Q393-6B0466E0-2950-4A66-9682-9D693B292CD8,1,H. Polge,H. Polge,,H.,Polge,t8743
https://monumenta.wikibase.cloud/entity/Q394,https://monumenta.wikibase.cloud/entity/statement/Q394-BE652980-1587-418E-B318-D70398DABC76,1,A. S. Farwell,A. S. Farwell,,A. S.,Farwell,t8736
https://monumenta.wikibase.cloud/entity/Q395,https://monumenta.wikibase.cloud/entity/statement/Q395-0ADC8752-B453-4256-A4C7-F2A4A0D11BE7,1,Miren Azkarate,Miren Azkarate Villar,Q3316026,Miren,Azkarate,t8744
https://monumenta.wikibase.cloud/entity/Q396,https://monumenta.wikibase.cloud/entity/statement/Q396-1D49A935-7831-4AFF-A1DA-8F047C4BB8A5,1,Miren Azkarate,Miren Azkarate Villar,Q3316026,Miren,Azkarate,t8848
https://monumenta.wikibase.cloud/entity/Q397,https://monumenta.wikibase.cloud/entity/statement/Q397-FBA2FA86-BD66-4C8A-97F8-1679B3C6AE44,1,Julien Vinson,Julien Vinson,Q3189701,Julien,Vinson,t8851
https://monumenta.wikibase.cloud/entity/Q398,https://monumenta.wikibase.cloud/entity/statement/Q398-083DC8B0-BD97-4692-8B94-39DBB412B7E5,1,José María Satrústegui,José María Satrustegi,Q3186458,José María,Satrústegui,t8850
https://monumenta.wikibase.cloud/entity/Q399,https://monumenta.wikibase.cloud/entity/statement/Q399-774CEFCF-8DEC-4520-B6A4-FA002E4F4777,1,Justo Gárate Arriola,Justo Gárate,Q11929503,Justo,Gárate Arriola,t8921
https://monumenta.wikibase.cloud/entity/Q400,https://monumenta.wikibase.cloud/entity/statement/Q400-A8D430E5-6EDB-45E3-8539-028B391D6FC1,1,Iván Igartua Ugarte,Ivan Igartua,Q12259943,Iván,Igartua Ugarte,t8918
https://monumenta.wikibase.cloud/entity/Q401,https://monumenta.wikibase.cloud/entity/statement/Q401-4CAEFA39-D717-471B-B34B-270489C0F52F,1,Miren Azkarate,Miren Azkarate Villar,Q3316026,Miren,Azkarate,t9030
https://monumenta.wikibase.cloud/entity/Q402,https://monumenta.wikibase.cloud/entity/statement/Q402-097AE22F-34A0-4DBF-BC4A-08B5740DBBC0,3,Iñaki Alegria,Iñaki Alegria,Q16517758,Iñaki,Alegria,t9035
https://monumenta.wikibase.cloud/entity/Q402,https://monumenta.wikibase.cloud/entity/statement/Q402-82D94711-8285-4837-8579-D2DC1CC5654B,1,Ruben Urizar,Ruben Urizar Enbeita,Q107851251,Ruben,Urizar,t9048
https://monumenta.wikibase.cloud/entity/Q402,https://monumenta.wikibase.cloud/entity/statement/Q402-DE0C4748-099E-494F-AF97-E236BC0142DD,2,Nerea Ezeiza,Nerea Ezeiza,Q113578318,Nerea,Ezeiza,t9042
https://monumenta.wikibase.cloud/entity/Q403,https://monumenta.wikibase.cloud/entity/statement/Q403-F672D120-46E1-457F-89D6-4EE98A1A093B,1,Arantxa Hirigoyen,Arantxa Hirigoyen,,Arantxa,Hirigoyen,t9158
https://monumenta.wikibase.cloud/entity/Q404,https://monumenta.wikibase.cloud/entity/statement/Q404-79E4BE4D-23E3-40D7-801B-F9C36A010AAA,1,Ibon Sarasola,Ibon Sarasola,Q2876484,Ibon,Sarasola,t9154
https://monumenta.wikibase.cloud/entity/Q405,https://monumenta.wikibase.cloud/entity/statement/Q405-48ACFF5C-FE87-482F-BDF6-379C5982E598,1,Victor Pierre Dubarat,Victor Dubarat,Q55772720,Victor Pierre,Dubarat,t9153
https://monumenta.wikibase.cloud/entity/Q406,https://monumenta.wikibase.cloud/entity/statement/Q406-91732349-E260-46F0-9BB6-EB4B05AEA302,1,Patxi Altuna,Patxi Altuna,Q3370189,Patxi,Altuna,t9226
https://monumenta.wikibase.cloud/entity/Q407,https://monumenta.wikibase.cloud/entity/statement/Q407-C949F53C-4A5B-4CDD-B681-0CF722DC9563,1,Miren Azkarate,Miren Azkarate Villar,Q3316026,Miren,Azkarate,t9224
https://monumenta.wikibase.cloud/entity/Q409,https://monumenta.wikibase.cloud/entity/statement/Q409-61C805BC-A093-4F24-96F7-93A692F55458,1,Carmen Llamas-Sáiz,Carmen Llamas Saíz,Q107296591,Carmen,Llamas-Sáiz,t9338
https://monumenta.wikibase.cloud/entity/Q410,https://monumenta.wikibase.cloud/entity/statement/Q410-195F0489-B1DB-4DB8-A3E4-CC3B6076D1F9,1,Mikel Alonso,Mikel Alonso,,Mikel,Alonso,t9341
https://monumenta.wikibase.cloud/entity/Q410,https://monumenta.wikibase.cloud/entity/statement/Q410-FE7A6436-15CF-47EB-9284-236A3E46063D,2,David Lindemann,David Lindemann,Q57694630,David,Lindemann,t9337
https://monumenta.wikibase.cloud/entity/Q411,https://monumenta.wikibase.cloud/entity/statement/Q411-41C858E2-4123-471F-934B-48B1CA2F6381,1,David Lindemann,David Lindemann,Q57694630,David,Lindemann,t9438
https://monumenta.wikibase.cloud/entity/Q412,https://monumenta.wikibase.cloud/entity/statement/Q412-C983E661-CF0B-4132-9421-EC70DF931A9B,1,Blanca Urgell,Blanca Urgell,Q8248653,Blanca,Urgell,t9437
https://monumenta.wikibase.cloud/entity/Q413,https://monumenta.wikibase.cloud/entity/statement/Q413-4D65D522-0C4C-4E26-AF16-207B9EAA7D6C,1,Blanca Urgell,Blanca Urgell,Q8248653,Blanca,Urgell,t9441
https://monumenta.wikibase.cloud/entity/Q414,https://monumenta.wikibase.cloud/entity/statement/Q414-06CCCC6B-B6C4-4F05-8E11-3AC5D6E7AC34,2,Jon Ortiz de Urbina,Jon Mirena Ortiz de Urbina Arruabarrena,Q20582522,Jon,Ortiz de Urbina,t10244
https://monumenta.wikibase.cloud/entity/Q414,https://monumenta.wikibase.cloud/entity/statement/Q414-AC04BD18-42D0-4844-8903-52677372C73B,3,Mario Saltarelli,Mario Saltarelli,,Mario,Saltarelli,t10267
https://monumenta.wikibase.cloud/entity/Q414,https://monumenta.wikibase.cloud/entity/statement/Q414-FDC82C0F-732A-4704-BC69-921ABCE926C7,1,Miren Azkarate,Miren Azkarate Villar,Q3316026,Miren,Azkarate,t10288
https://monumenta.wikibase.cloud/entity/Q415,https://monumenta.wikibase.cloud/entity/statement/Q415-0602E940-1151-480B-BF71-BB1E6561D701,8,Kepa Sarasola,Kepa Sarasola Gabiola,Q50177430,Kepa,Sarasola,t10186
https://monumenta.wikibase.cloud/entity/Q415,https://monumenta.wikibase.cloud/entity/statement/Q415-3CEA85FC-A8B7-4C3E-AA33-BF2EC634E84E,9,Ruben Urizar,Ruben Urizar Enbeita,Q107851251,Ruben,Urizar,t10243
https://monumenta.wikibase.cloud/entity/Q415,https://monumenta.wikibase.cloud/entity/statement/Q415-437F5728-556A-4C8A-8D36-AD419F908A53,4,Xabier Artola,Xabier Artola Zubillaga,Q12269005,Xabier,Artola,t10257
https://monumenta.wikibase.cloud/entity/Q415,https://monumenta.wikibase.cloud/entity/statement/Q415-5569D24E-2CDE-46AC-8D67-74D5B96F9672,2,Olatz Ansa,Olatz Ansa,,Olatz,Ansa,t10234
https://monumenta.wikibase.cloud/entity/Q415,https://monumenta.wikibase.cloud/entity/statement/Q415-63133D71-3E5F-484C-A292-C3CE0ADD1730,6,Mikel Lersundi,Mikel Lersundi,Q105669165,Mikel,Lersundi,t10268
https://monumenta.wikibase.cloud/entity/Q415,https://monumenta.wikibase.cloud/entity/statement/Q415-B448D6F1-4A46-4CCB-823C-18D7583D38EB,7,David Martínez,David Martínez,,David,Martínez,t10251
https://monumenta.wikibase.cloud/entity/Q415,https://monumenta.wikibase.cloud/entity/statement/Q415-CAF5CF92-5C4A-4D20-8F9D-100A46126314,1,Eneko Agirre,Eneko Agirre,Q57400796,Eneko,Agirre,t10207
https://monumenta.wikibase.cloud/entity/Q415,https://monumenta.wikibase.cloud/entity/statement/Q415-F0A231C1-03FE-4F30-9980-7547D810433E,3,Xabier Arregi,Xabier Arregi Iparragirre,Q57083968,Xabier,Arregi,t10212
https://monumenta.wikibase.cloud/entity/Q415,https://monumenta.wikibase.cloud/entity/statement/Q415-F591D7ED-CCF4-4148-A669-E03414C38801,5,Arantza Dáz de Ilarraza,Arantza Diaz de Ilarraza Sanchez,Q12253843,Arantza,Dáz de Ilarraza,t10305
https://monumenta.wikibase.cloud/entity/Q416,https://monumenta.wikibase.cloud/entity/statement/Q416-0D69DBC1-04D2-4591-BCEB-6452DE83F98B,1,Nerea Fernández de Gobeo Díaz de Durana,Nerea Fernández de Gobeo Díaz de Durana,,Nerea,Fernández de Gobeo Díaz de Durana,t10294
